First Round Allotment Opening Closing - MP State Combined NEET UG Counselling 2024 (MBBS/BDS,,,,,,,,,,
,,Course) (Date:- 29.08.2024),,,,,,,,
INST_CODE,INST_TYPE,INST_NAME,COURSE,OPENING AI RANK,CLOSING AI RANK,OPENING NEET AI SCORE,CLOSING NEET AI SCORE,ALLOTTED CATEGORY/CLASS,TOTAL ALLOTTED,MP DOMICILE STATUS
133,GOVT,ATAL BIHARI VAJPAYEE GOVERNMENT MEDICAL COLLEGE VIDISHA,MBBS,274068,274068,455,455,EWS/GS/OP,1,Y
133,GOVT,ATAL BIHARI VAJPAYEE GOVERNMENT MEDICAL COLLEGE VIDISHA,MBBS,62797,62797,613,613,EWS/SN/OP,1,Y
133,GOVT,ATAL BIHARI VAJPAYEE GOVERNMENT MEDICAL COLLEGE VIDISHA,MBBS,32033,37187,644,638,EWS/X/OP,13,Y
133,GOVT,ATAL BIHARI VAJPAYEE GOVERNMENT MEDICAL COLLEGE VIDISHA,MBBS,106503,106503,575,575,OBC/GS/OP,1,Y
133,GOVT,ATAL BIHARI VAJPAYEE GOVERNMENT MEDICAL COLLEGE VIDISHA,MBBS,1019637,1019637,189,189,OBC/PH/OP,1,Y
133,GOVT,ATAL BIHARI VAJPAYEE GOVERNMENT MEDICAL COLLEGE VIDISHA,MBBS,49986,49986,625,625,OBC/SN/OP,1,Y
133,GOVT,ATAL BIHARI VAJPAYEE GOVERNMENT MEDICAL COLLEGE VIDISHA,MBBS,31332,34941,645,640,OBC/X/OP,18,Y
133,GOVT,ATAL BIHARI VAJPAYEE GOVERNMENT MEDICAL COLLEGE VIDISHA,MBBS,189708,189708,511,511,SC/GS/OP,1,Y
133,GOVT,ATAL BIHARI VAJPAYEE GOVERNMENT MEDICAL COLLEGE VIDISHA,MBBS,1353609,1353609,132,132,SC/PH/OP,1,Y
133,GOVT,ATAL BIHARI VAJPAYEE GOVERNMENT MEDICAL COLLEGE VIDISHA,MBBS,104869,127815,576,558,SC/X/OP,20,Y
133,GOVT,ATAL BIHARI VAJPAYEE GOVERNMENT MEDICAL COLLEGE VIDISHA,MBBS,349864,350049,412,412,ST/GS/OP,2,Y
133,GOVT,ATAL BIHARI VAJPAYEE GOVERNMENT MEDICAL COLLEGE VIDISHA,MBBS,294766,340876,443,417,ST/X/OP,25,Y
133,GOVT,ATAL BIHARI VAJPAYEE GOVERNMENT MEDICAL COLLEGE VIDISHA,MBBS,81604,86925,596,591,UR/GS/OP,3,Y
133,GOVT,ATAL BIHARI VAJPAYEE GOVERNMENT MEDICAL COLLEGE VIDISHA,MBBS,752876,870494,255,224,UR/PH/OP,3,Y
133,GOVT,ATAL BIHARI VAJPAYEE GOVERNMENT MEDICAL COLLEGE VIDISHA,MBBS,31771,31821,644,644,UR/SN/OP,2,Y
133,GOVT,ATAL BIHARI VAJPAYEE GOVERNMENT MEDICAL COLLEGE VIDISHA,MBBS,17005,31010,662,645,UR/X/OP,51,Y
136,GOVT,BIRSA MUNDA GOVERNMENT MEDICAL COLLEGE SHAHDOL,MBBS,321518,321518,428,428,EWS/GS/OP,1,Y
136,GOVT,BIRSA MUNDA GOVERNMENT MEDICAL COLLEGE SHAHDOL,MBBS,92341,92341,587,587,EWS/SN/OP,1,Y
136,GOVT,BIRSA MUNDA GOVERNMENT MEDICAL COLLEGE SHAHDOL,MBBS,48494,50546,626,625,EWS/X/OP,7,Y
136,GOVT,BIRSA MUNDA GOVERNMENT MEDICAL COLLEGE SHAHDOL,MBBS,52324,52324,623,623,OBC/SN/OP,1,Y
136,GOVT,BIRSA MUNDA GOVERNMENT MEDICAL COLLEGE SHAHDOL,MBBS,45614,46721,630,628,OBC/X/OP,10,Y
136,GOVT,BIRSA MUNDA GOVERNMENT MEDICAL COLLEGE SHAHDOL,MBBS,130540,162473,555,531,SC/X/OP,11,Y
136,GOVT,BIRSA MUNDA GOVERNMENT MEDICAL COLLEGE SHAHDOL,MBBS,377866,377866,398,398,ST/GS/OP,1,Y
136,GOVT,BIRSA MUNDA GOVERNMENT MEDICAL COLLEGE SHAHDOL,MBBS,252352,367353,469,403,ST/X/OP,14,Y
136,GOVT,BIRSA MUNDA GOVERNMENT MEDICAL COLLEGE SHAHDOL,MBBS,126917,126917,558,558,UR/GS/OP,1,Y
136,GOVT,BIRSA MUNDA GOVERNMENT MEDICAL COLLEGE SHAHDOL,MBBS,1015976,1051483,190,183,UR/PH/OP,2,Y
136,GOVT,BIRSA MUNDA GOVERNMENT MEDICAL COLLEGE SHAHDOL,MBBS,48891,48891,626,626,UR/SN/OP,1,Y
136,GOVT,BIRSA MUNDA GOVERNMENT MEDICAL COLLEGE SHAHDOL,MBBS,33497,44908,642,630,UR/X/OP,29,Y
106,GOVT,BUNDELKHAND MEDICAL COLLEGE SAGAR,MBBS,29409,34370,646,641,EWS/X/OP,9,Y
106,GOVT,BUNDELKHAND MEDICAL COLLEGE SAGAR,MBBS,112569,112569,570,570,OBC/GS/OP,1,Y
106,GOVT,BUNDELKHAND MEDICAL COLLEGE SAGAR,MBBS,1000685,1000685,193,193,OBC/PH/OP,1,Y
106,GOVT,BUNDELKHAND MEDICAL COLLEGE SAGAR,MBBS,49641,49641,625,625,OBC/SN/OP,1,Y
106,GOVT,BUNDELKHAND MEDICAL COLLEGE SAGAR,MBBS,29464,33281,646,642,OBC/X/OP,13,Y
106,GOVT,BUNDELKHAND MEDICAL COLLEGE SAGAR,MBBS,212685,212685,495,495,SC/GS/OP,1,Y
106,GOVT,BUNDELKHAND MEDICAL COLLEGE SAGAR,MBBS,439445,439445,369,369,SC/SN/OP,1,Y
106,GOVT,BUNDELKHAND MEDICAL COLLEGE SAGAR,MBBS,107514,126154,574,559,SC/X/OP,14,Y
106,GOVT,BUNDELKHAND MEDICAL COLLEGE SAGAR,MBBS,339978,339978,418,418,ST/GS/OP,1,Y
106,GOVT,BUNDELKHAND MEDICAL COLLEGE SAGAR,MBBS,242888,325954,475,425,ST/X/OP,18,Y
106,GOVT,BUNDELKHAND MEDICAL COLLEGE SAGAR,MBBS,95260,104375,584,577,UR/GS/OP,2,Y
106,GOVT,BUNDELKHAND MEDICAL COLLEGE SAGAR,MBBS,700363,848568,271,229,UR/PH/OP,2,Y
106,GOVT,BUNDELKHAND MEDICAL COLLEGE SAGAR,MBBS,31173,31173,645,645,UR/SN/OP,1,Y
106,GOVT,BUNDELKHAND MEDICAL COLLEGE SAGAR,MBBS,21466,28985,656,647,UR/X/OP,36,Y
137,GOVT,CHHINDWARA INSTITUTE OF MEDICAL SCIENCES CHHINDWARA,MBBS,43114,47946,632,627,EWS/X/OP,7,Y
137,GOVT,CHHINDWARA INSTITUTE OF MEDICAL SCIENCES CHHINDWARA,MBBS,137477,137477,550,550,OBC/GS/OP,1,Y
137,GOVT,CHHINDWARA INSTITUTE OF MEDICAL SCIENCES CHHINDWARA,MBBS,1329800,1329800,136,136,OBC/PH/OP,1,Y
137,GOVT,CHHINDWARA INSTITUTE OF MEDICAL SCIENCES CHHINDWARA,MBBS,41403,44026,634,631,OBC/X/OP,10,Y
137,GOVT,CHHINDWARA INSTITUTE OF MEDICAL SCIENCES CHHINDWARA,MBBS,209470,209470,497,497,SC/GS/OP,1,Y
137,GOVT,CHHINDWARA INSTITUTE OF MEDICAL SCIENCES CHHINDWARA,MBBS,766368,766368,251,251,SC/SN/OP,1,Y
137,GOVT,CHHINDWARA INSTITUTE OF MEDICAL SCIENCES CHHINDWARA,MBBS,113197,157900,569,534,SC/X/OP,11,Y
137,GOVT,CHHINDWARA INSTITUTE OF MEDICAL SCIENCES CHHINDWARA,MBBS,369667,369667,402,402,ST/GS/OP,1,Y
137,GOVT,CHHINDWARA INSTITUTE OF MEDICAL SCIENCES CHHINDWARA,MBBS,317044,356488,430,409,ST/X/OP,14,Y
137,GOVT,CHHINDWARA INSTITUTE OF MEDICAL SCIENCES CHHINDWARA,MBBS,124902,124902,560,560,UR/GS/OP,1,Y
137,GOVT,CHHINDWARA INSTITUTE OF MEDICAL SCIENCES CHHINDWARA,MBBS,1195263,1195263,156,156,UR/PH/OP,1,Y
137,GOVT,CHHINDWARA INSTITUTE OF MEDICAL SCIENCES CHHINDWARA,MBBS,46918,46918,628,628,UR/SN/OP,1,Y
137,GOVT,CHHINDWARA INSTITUTE OF MEDICAL SCIENCES CHHINDWARA,MBBS,30190,41390,646,634,UR/X/OP,29,Y
102,GOVT,GAJRA RAJA MEDICAL COLLEGE GWALIOR,MBBS,172628,172628,523,523,EWS/GS/OP,1,Y
102,GOVT,GAJRA RAJA MEDICAL COLLEGE GWALIOR,MBBS,992367,992367,195,195,EWS/PH/OP,1,Y
102,GOVT,GAJRA RAJA MEDICAL COLLEGE GWALIOR,MBBS,20560,26554,658,650,EWS/X/OP,14,Y
102,GOVT,GAJRA RAJA MEDICAL COLLEGE GWALIOR,MBBS,76908,76908,600,600,OBC/GS/OP,1,Y
102,GOVT,GAJRA RAJA MEDICAL COLLEGE GWALIOR,MBBS,915665,915665,212,212,OBC/PH/OP,1,Y
102,GOVT,GAJRA RAJA MEDICAL COLLEGE GWALIOR,MBBS,41354,41354,634,634,OBC/SN/OP,1,Y
102,GOVT,GAJRA RAJA MEDICAL COLLEGE GWALIOR,MBBS,20556,26625,658,650,OBC/X/OP,19,Y
INST_CODE,INST_TYPE,INST_NAME,COURSE,OPENING AI RANK,CLOSING AI RANK,OPENING NEET AI SCORE,CLOSING NEET AI SCORE,ALLOTTED CATEGORY/CLASS,TOTAL ALLOTTED,MP DOMICILE STATUS
102,GOVT,GAJRA RAJA MEDICAL COLLEGE GWALIOR,MBBS,189435,189435,511,511,SC/GS/OP,1,Y
102,GOVT,GAJRA RAJA MEDICAL COLLEGE GWALIOR,MBBS,757330,757330,254,254,SC/PH/OP,1,Y
102,GOVT,GAJRA RAJA MEDICAL COLLEGE GWALIOR,MBBS,347069,347069,414,414,SC/SN/OP,1,Y
102,GOVT,GAJRA RAJA MEDICAL COLLEGE GWALIOR,MBBS,37168,105446,638,576,SC/X/OP,22,Y
102,GOVT,GAJRA RAJA MEDICAL COLLEGE GWALIOR,MBBS,328178,334976,424,420,ST/GS/OP,2,Y
102,GOVT,GAJRA RAJA MEDICAL COLLEGE GWALIOR,MBBS,239356,304012,477,437,ST/X/OP,28,Y
102,GOVT,GAJRA RAJA MEDICAL COLLEGE GWALIOR,MBBS,374282,728890,400,262,UR/FF/OP,2,Y
102,GOVT,GAJRA RAJA MEDICAL COLLEGE GWALIOR,MBBS,57130,57130,618,618,UR/GS/OP,1,Y
102,GOVT,GAJRA RAJA MEDICAL COLLEGE GWALIOR,MBBS,266962,700210,460,271,UR/PH/OP,3,Y
102,GOVT,GAJRA RAJA MEDICAL COLLEGE GWALIOR,MBBS,22041,23531,656,654,UR/SN/OP,2,Y
102,GOVT,GAJRA RAJA MEDICAL COLLEGE GWALIOR,MBBS,2152,20379,695,658,UR/X/OP,55,Y
101,GOVT,GANDHI MEDICAL COLLEGE BHOPAL,MBBS,118360,118360,565,565,EWS/GS/OP,1,Y
101,GOVT,GANDHI MEDICAL COLLEGE BHOPAL,MBBS,664369,664369,283,283,EWS/PH/OP,1,Y
101,GOVT,GANDHI MEDICAL COLLEGE BHOPAL,MBBS,24508,24508,652,652,EWS/SN/OP,1,Y
101,GOVT,GANDHI MEDICAL COLLEGE BHOPAL,MBBS,13910,19110,667,660,EWS/X/OP,17,Y
101,GOVT,GANDHI MEDICAL COLLEGE BHOPAL,MBBS,310145,310145,434,434,OBC/FF/OP,1,Y
101,GOVT,GANDHI MEDICAL COLLEGE BHOPAL,MBBS,74609,74609,602,602,OBC/GS/OP,1,Y
101,GOVT,GANDHI MEDICAL COLLEGE BHOPAL,MBBS,549567,549567,323,323,OBC/PH/OP,1,Y
101,GOVT,GANDHI MEDICAL COLLEGE BHOPAL,MBBS,30977,30977,645,645,OBC/SN/OP,1,Y
101,GOVT,GANDHI MEDICAL COLLEGE BHOPAL,MBBS,14014,16606,667,663,OBC/X/OP,24,Y
101,GOVT,GANDHI MEDICAL COLLEGE BHOPAL,MBBS,147553,169501,542,525,SC/GS/OP,2,Y
101,GOVT,GANDHI MEDICAL COLLEGE BHOPAL,MBBS,1001344,1045574,193,184,SC/PH/OP,2,Y
101,GOVT,GANDHI MEDICAL COLLEGE BHOPAL,MBBS,297375,297375,441,441,SC/SN/OP,1,Y
101,GOVT,GANDHI MEDICAL COLLEGE BHOPAL,MBBS,26366,71316,650,605,SC/X/OP,28,Y
101,GOVT,GANDHI MEDICAL COLLEGE BHOPAL,MBBS,284161,297287,449,441,ST/GS/OP,2,Y
101,GOVT,GANDHI MEDICAL COLLEGE BHOPAL,MBBS,815084,990215,238,195,ST/PH/OP,2,Y
101,GOVT,GANDHI MEDICAL COLLEGE BHOPAL,MBBS,29986,238957,646,477,ST/X/OP,35,Y
101,GOVT,GANDHI MEDICAL COLLEGE BHOPAL,MBBS,86988,263787,591,462,UR/FF/OP,3,Y
101,GOVT,GANDHI MEDICAL COLLEGE BHOPAL,MBBS,59713,68559,616,608,UR/GS/OP,4,Y
101,GOVT,GANDHI MEDICAL COLLEGE BHOPAL,MBBS,168850,304321,526,437,UR/PH/OP,4,Y
101,GOVT,GANDHI MEDICAL COLLEGE BHOPAL,MBBS,18659,19798,660,659,UR/SN/OP,2,Y
101,GOVT,GANDHI MEDICAL COLLEGE BHOPAL,MBBS,4624,13656,686,668,UR/X/OP,69,Y
134,GOVT,GOVERMENT MEDICAL COLLEGE RATLAM,MBBS,319105,319105,429,429,EWS/GS/OP,1,Y
134,GOVT,GOVERMENT MEDICAL COLLEGE RATLAM,MBBS,1208687,1208687,154,154,EWS/PH/OP,1,Y
134,GOVT,GOVERMENT MEDICAL COLLEGE RATLAM,MBBS,68233,68233,608,608,EWS/SN/OP,1,Y
134,GOVT,GOVERMENT MEDICAL COLLEGE RATLAM,MBBS,34933,41454,640,634,EWS/X/OP,13,Y
134,GOVT,GOVERMENT MEDICAL COLLEGE RATLAM,MBBS,126414,126414,559,559,OBC/GS/OP,1,Y
134,GOVT,GOVERMENT MEDICAL COLLEGE RATLAM,MBBS,670706,670706,280,280,OBC/PH/OP,1,Y
134,GOVT,GOVERMENT MEDICAL COLLEGE RATLAM,MBBS,33641,37041,642,638,OBC/X/OP,17,Y
134,GOVT,GOVERMENT MEDICAL COLLEGE RATLAM,MBBS,214667,214667,493,493,SC/GS/OP,1,Y
134,GOVT,GOVERMENT MEDICAL COLLEGE RATLAM,MBBS,89973,143860,589,545,SC/X/OP,21,Y
134,GOVT,GOVERMENT MEDICAL COLLEGE RATLAM,MBBS,340648,343106,417,416,ST/GS/OP,2,Y
134,GOVT,GOVERMENT MEDICAL COLLEGE RATLAM,MBBS,777605,941041,248,206,ST/PH/OP,2,Y
134,GOVT,GOVERMENT MEDICAL COLLEGE RATLAM,MBBS,239131,324508,477,426,ST/X/OP,27,Y
134,GOVT,GOVERMENT MEDICAL COLLEGE RATLAM,MBBS,743308,842281,258,231,UR/FF/OP,2,Y
134,GOVT,GOVERMENT MEDICAL COLLEGE RATLAM,MBBS,97021,120624,583,563,UR/GS/OP,3,Y
134,GOVT,GOVERMENT MEDICAL COLLEGE RATLAM,MBBS,325293,352047,426,411,UR/PH/OP,3,Y
134,GOVT,GOVERMENT MEDICAL COLLEGE RATLAM,MBBS,35530,38230,640,637,UR/SN/OP,2,Y
134,GOVT,GOVERMENT MEDICAL COLLEGE RATLAM,MBBS,19423,33519,660,642,UR/X/OP,51,Y
132,GOVT,GOVERNMENT MEDICAL COLLEGE DATIA,MBBS,182181,182181,516,516,EWS/GS/OP,1,Y
132,GOVT,GOVERNMENT MEDICAL COLLEGE DATIA,MBBS,40890,46892,635,628,EWS/X/OP,9,Y
132,GOVT,GOVERNMENT MEDICAL COLLEGE DATIA,MBBS,43050,45178,632,630,OBC/X/OP,12,Y
132,GOVT,GOVERNMENT MEDICAL COLLEGE DATIA,MBBS,206825,206825,499,499,SC/GS/OP,1,Y
132,GOVT,GOVERNMENT MEDICAL COLLEGE DATIA,MBBS,484525,484525,349,349,SC/SN/OP,1,Y
132,GOVT,GOVERNMENT MEDICAL COLLEGE DATIA,MBBS,106519,152781,575,538,SC/X/OP,14,Y
132,GOVT,GOVERNMENT MEDICAL COLLEGE DATIA,MBBS,377359,377359,398,398,ST/GS/OP,1,Y
132,GOVT,GOVERNMENT MEDICAL COLLEGE DATIA,MBBS,342334,367570,416,403,ST/X/OP,17,Y
132,GOVT,GOVERNMENT MEDICAL COLLEGE DATIA,MBBS,135687,138869,551,549,UR/GS/OP,2,Y
132,GOVT,GOVERNMENT MEDICAL COLLEGE DATIA,MBBS,377841,1019871,398,189,UR/PH/OP,2,Y
132,GOVT,GOVERNMENT MEDICAL COLLEGE DATIA,MBBS,45372,45372,630,630,UR/SN/OP,1,Y
132,GOVT,GOVERNMENT MEDICAL COLLEGE DATIA,MBBS,21318,40644,656,635,UR/X/OP,34,Y
141,GOVT,GOVERNMENT MEDICAL COLLEGE SATNA,MBBS,307692,307692,435,435,EWS/GS/OP,1,Y
141,GOVT,GOVERNMENT MEDICAL COLLEGE SATNA,MBBS,47728,52411,627,622,EWS/X/OP,11,Y
141,GOVT,GOVERNMENT MEDICAL COLLEGE SATNA,MBBS,131954,131954,554,554,OBC/GS/OP,1,Y
141,GOVT,GOVERNMENT MEDICAL COLLEGE SATNA,MBBS,1343109,1343109,134,134,OBC/PH/OP,1,Y
INST_CODE,INST_TYPE,INST_NAME,COURSE,OPENING AI RANK,CLOSING AI RANK,OPENING NEET AI SCORE,CLOSING NEET AI SCORE,ALLOTTED CATEGORY/CLASS,TOTAL ALLOTTED,MP DOMICILE STATUS
141,GOVT,GOVERNMENT MEDICAL COLLEGE SATNA,MBBS,52335,52335,622,622,OBC/SN/OP,1,Y
141,GOVT,GOVERNMENT MEDICAL COLLEGE SATNA,MBBS,47302,48202,627,627,OBC/X/OP,15,Y
141,GOVT,GOVERNMENT MEDICAL COLLEGE SATNA,MBBS,245368,245368,473,473,SC/GS/OP,1,Y
141,GOVT,GOVERNMENT MEDICAL COLLEGE SATNA,MBBS,162941,169624,530,525,SC/X/OP,17,Y
141,GOVT,GOVERNMENT MEDICAL COLLEGE SATNA,MBBS,379652,379652,397,397,ST/GS/OP,1,Y
141,GOVT,GOVERNMENT MEDICAL COLLEGE SATNA,MBBS,351902,377453,411,398,ST/X/OP,21,Y
141,GOVT,GOVERNMENT MEDICAL COLLEGE SATNA,MBBS,81084,81084,596,596,UR/GS/OP,1,Y
141,GOVT,GOVERNMENT MEDICAL COLLEGE SATNA,MBBS,908058,1145150,214,165,UR/PH/OP,3,Y
141,GOVT,GOVERNMENT MEDICAL COLLEGE SATNA,MBBS,49964,51628,625,623,UR/SN/OP,2,Y
141,GOVT,GOVERNMENT MEDICAL COLLEGE SATNA,MBBS,38350,47184,637,628,UR/X/OP,42,Y
144,GOVT,GOVERNMENT MEDICAL COLLEGE SEONI,MBBS,50667,53003,624,622,EWS/X/OP,3,Y
144,GOVT,GOVERNMENT MEDICAL COLLEGE SEONI,MBBS,48500,49488,626,625,OBC/X/OP,5,Y
144,GOVT,GOVERNMENT MEDICAL COLLEGE SEONI,MBBS,475310,475310,353,353,SC/SN/OP,1,Y
144,GOVT,GOVERNMENT MEDICAL COLLEGE SEONI,MBBS,135622,169700,551,525,SC/X/OP,6,Y
144,GOVT,GOVERNMENT MEDICAL COLLEGE SEONI,MBBS,379719,379719,397,397,ST/GS/OP,1,Y
144,GOVT,GOVERNMENT MEDICAL COLLEGE SEONI,MBBS,363380,377959,405,398,ST/X/OP,7,Y
144,GOVT,GOVERNMENT MEDICAL COLLEGE SEONI,MBBS,147820,147820,542,542,UR/GS/OP,1,Y
144,GOVT,GOVERNMENT MEDICAL COLLEGE SEONI,MBBS,1143910,1143910,165,165,UR/PH/OP,1,Y
144,GOVT,GOVERNMENT MEDICAL COLLEGE SEONI,MBBS,42030,48116,633,627,UR/X/OP,15,Y
103,GOVT,MAHATMA GANDHI MEMORIAL MEDICAL COLLEGE INDORE,MBBS,107040,107040,575,575,EWS/GS/OP,1,Y
103,GOVT,MAHATMA GANDHI MEMORIAL MEDICAL COLLEGE INDORE,MBBS,252766,252766,469,469,EWS/PH/OP,1,Y
103,GOVT,MAHATMA GANDHI MEMORIAL MEDICAL COLLEGE INDORE,MBBS,8154,14738,678,666,EWS/X/OP,18,Y
103,GOVT,MAHATMA GANDHI MEMORIAL MEDICAL COLLEGE INDORE,MBBS,622330,622330,297,297,OBC/FF/OP,1,Y
103,GOVT,MAHATMA GANDHI MEMORIAL MEDICAL COLLEGE INDORE,MBBS,55070,59367,620,616,OBC/GS/OP,2,Y
103,GOVT,MAHATMA GANDHI MEMORIAL MEDICAL COLLEGE INDORE,MBBS,388448,588247,393,309,OBC/PH/OP,2,Y
103,GOVT,MAHATMA GANDHI MEMORIAL MEDICAL COLLEGE INDORE,MBBS,18782,18782,660,660,OBC/SN/OP,1,Y
103,GOVT,MAHATMA GANDHI MEMORIAL MEDICAL COLLEGE INDORE,MBBS,8403,12291,677,670,OBC/X/OP,25,Y
103,GOVT,MAHATMA GANDHI MEMORIAL MEDICAL COLLEGE INDORE,MBBS,100267,124109,580,560,SC/GS/OP,2,Y
103,GOVT,MAHATMA GANDHI MEMORIAL MEDICAL COLLEGE INDORE,MBBS,750010,990135,256,195,SC/PH/OP,2,Y
103,GOVT,MAHATMA GANDHI MEMORIAL MEDICAL COLLEGE INDORE,MBBS,261360,261360,463,463,SC/SN/OP,1,Y
103,GOVT,MAHATMA GANDHI MEMORIAL MEDICAL COLLEGE INDORE,MBBS,8557,58132,677,617,SC/X/OP,28,Y
103,GOVT,MAHATMA GANDHI MEMORIAL MEDICAL COLLEGE INDORE,MBBS,217398,255999,492,466,ST/GS/OP,2,Y
103,GOVT,MAHATMA GANDHI MEMORIAL MEDICAL COLLEGE INDORE,MBBS,824563,964428,235,201,ST/PH/OP,2,Y
103,GOVT,MAHATMA GANDHI MEMORIAL MEDICAL COLLEGE INDORE,MBBS,1310842,1310842,139,139,ST/SN/OP,1,Y
103,GOVT,MAHATMA GANDHI MEMORIAL MEDICAL COLLEGE INDORE,MBBS,29829,197258,646,505,ST/X/OP,35,Y
103,GOVT,MAHATMA GANDHI MEMORIAL MEDICAL COLLEGE INDORE,MBBS,53977,223754,621,487,UR/FF/OP,2,Y
103,GOVT,MAHATMA GANDHI MEMORIAL MEDICAL COLLEGE INDORE,MBBS,10571,53668,673,621,UR/GS/OP,4,Y
103,GOVT,MAHATMA GANDHI MEMORIAL MEDICAL COLLEGE INDORE,MBBS,69614,228445,607,484,UR/PH/OP,4,Y
103,GOVT,MAHATMA GANDHI MEMORIAL MEDICAL COLLEGE INDORE,MBBS,12715,17444,670,662,UR/SN/OP,3,Y
103,GOVT,MAHATMA GANDHI MEMORIAL MEDICAL COLLEGE INDORE,MBBS,597,8147,705,678,UR/X/OP,70,Y
135,GOVT,NANDKUMAR SINGH CHOUHAN GOVERNMENT MEDICAL COLLEGE KHANDWA,MBBS,74797,74797,602,602,EWS/SN/OP,1,Y
135,GOVT,NANDKUMAR SINGH CHOUHAN GOVERNMENT MEDICAL COLLEGE KHANDWA,MBBS,38988,45310,636,630,EWS/X/OP,9,Y
135,GOVT,NANDKUMAR SINGH CHOUHAN GOVERNMENT MEDICAL COLLEGE KHANDWA,MBBS,140561,140561,548,548,OBC/GS/OP,1,Y
135,GOVT,NANDKUMAR SINGH CHOUHAN GOVERNMENT MEDICAL COLLEGE KHANDWA,MBBS,1097877,1097877,174,174,OBC/PH/OP,1,Y
135,GOVT,NANDKUMAR SINGH CHOUHAN GOVERNMENT MEDICAL COLLEGE KHANDWA,MBBS,39158,41843,636,633,OBC/X/OP,12,Y
135,GOVT,NANDKUMAR SINGH CHOUHAN GOVERNMENT MEDICAL COLLEGE KHANDWA,MBBS,226238,226238,486,486,SC/GS/OP,1,Y
135,GOVT,NANDKUMAR SINGH CHOUHAN GOVERNMENT MEDICAL COLLEGE KHANDWA,MBBS,135928,159200,551,533,SC/X/OP,14,Y
135,GOVT,NANDKUMAR SINGH CHOUHAN GOVERNMENT MEDICAL COLLEGE KHANDWA,MBBS,350224,350224,412,412,ST/GS/OP,1,Y
135,GOVT,NANDKUMAR SINGH CHOUHAN GOVERNMENT MEDICAL COLLEGE KHANDWA,MBBS,1074091,1074091,178,178,ST/PH/OP,1,Y
135,GOVT,NANDKUMAR SINGH CHOUHAN GOVERNMENT MEDICAL COLLEGE KHANDWA,MBBS,312849,344797,432,415,ST/X/OP,17,Y
135,GOVT,NANDKUMAR SINGH CHOUHAN GOVERNMENT MEDICAL COLLEGE KHANDWA,MBBS,114855,122878,568,561,UR/GS/OP,2,Y
135,GOVT,NANDKUMAR SINGH CHOUHAN GOVERNMENT MEDICAL COLLEGE KHANDWA,MBBS,742545,823907,258,235,UR/PH/OP,2,Y
135,GOVT,NANDKUMAR SINGH CHOUHAN GOVERNMENT MEDICAL COLLEGE KHANDWA,MBBS,44865,44865,630,630,UR/SN/OP,1,Y
135,GOVT,NANDKUMAR SINGH CHOUHAN GOVERNMENT MEDICAL COLLEGE KHANDWA,MBBS,32332,38589,643,636,UR/X/OP,34,Y
104,GOVT,NETAJI SUBHASH CHANDRA BOSE MEDICAL COLLEGE JABALPUR,MBBS,150615,150615,540,540,EWS/GS/OP,1,Y
104,GOVT,NETAJI SUBHASH CHANDRA BOSE MEDICAL COLLEGE JABALPUR,MBBS,1087561,1087561,176,176,EWS/PH/OP,1,Y
104,GOVT,NETAJI SUBHASH CHANDRA BOSE MEDICAL COLLEGE JABALPUR,MBBS,50000,50000,625,625,EWS/SN/OP,1,Y
104,GOVT,NETAJI SUBHASH CHANDRA BOSE MEDICAL COLLEGE JABALPUR,MBBS,20351,25543,658,651,EWS/X/OP,17,Y
104,GOVT,NETAJI SUBHASH CHANDRA BOSE MEDICAL COLLEGE JABALPUR,MBBS,1165628,1165628,161,161,OBC/FF/OP,1,Y
104,GOVT,NETAJI SUBHASH CHANDRA BOSE MEDICAL COLLEGE JABALPUR,MBBS,79471,79471,598,598,OBC/GS/OP,1,Y
104,GOVT,NETAJI SUBHASH CHANDRA BOSE MEDICAL COLLEGE JABALPUR,MBBS,773776,773776,249,249,OBC/PH/OP,1,Y
104,GOVT,NETAJI SUBHASH CHANDRA BOSE MEDICAL COLLEGE JABALPUR,MBBS,35461,35461,640,640,OBC/SN/OP,1,Y
104,GOVT,NETAJI SUBHASH CHANDRA BOSE MEDICAL COLLEGE JABALPUR,MBBS,20288,25272,658,651,OBC/X/OP,24,Y
104,GOVT,NETAJI SUBHASH CHANDRA BOSE MEDICAL COLLEGE JABALPUR,MBBS,182070,185136,516,514,SC/GS/OP,2,Y
104,GOVT,NETAJI SUBHASH CHANDRA BOSE MEDICAL COLLEGE JABALPUR,MBBS,1161920,1317413,162,137,SC/PH/OP,2,Y
INST_CODE,INST_TYPE,INST_NAME,COURSE,OPENING AI RANK,CLOSING AI RANK,OPENING NEET AI SCORE,CLOSING NEET AI SCORE,ALLOTTED CATEGORY/CLASS,TOTAL ALLOTTED,MP DOMICILE STATUS
104,GOVT,NETAJI SUBHASH CHANDRA BOSE MEDICAL COLLEGE JABALPUR,MBBS,415343,415343,380,380,SC/SN/OP,1,Y
104,GOVT,NETAJI SUBHASH CHANDRA BOSE MEDICAL COLLEGE JABALPUR,MBBS,44536,102185,630,578,SC/X/OP,28,Y
104,GOVT,NETAJI SUBHASH CHANDRA BOSE MEDICAL COLLEGE JABALPUR,MBBS,298858,302847,440,438,ST/GS/OP,2,Y
104,GOVT,NETAJI SUBHASH CHANDRA BOSE MEDICAL COLLEGE JABALPUR,MBBS,1016049,1058725,190,181,ST/PH/OP,2,Y
104,GOVT,NETAJI SUBHASH CHANDRA BOSE MEDICAL COLLEGE JABALPUR,MBBS,223391,281225,488,451,ST/X/OP,35,Y
104,GOVT,NETAJI SUBHASH CHANDRA BOSE MEDICAL COLLEGE JABALPUR,MBBS,474984,653922,353,286,UR/FF/OP,3,Y
104,GOVT,NETAJI SUBHASH CHANDRA BOSE MEDICAL COLLEGE JABALPUR,MBBS,70608,76576,606,600,UR/GS/OP,2,Y
104,GOVT,NETAJI SUBHASH CHANDRA BOSE MEDICAL COLLEGE JABALPUR,MBBS,667892,732182,281,261,UR/PH/OP,4,Y
104,GOVT,NETAJI SUBHASH CHANDRA BOSE MEDICAL COLLEGE JABALPUR,MBBS,23346,23428,655,655,UR/SN/OP,2,Y
104,GOVT,NETAJI SUBHASH CHANDRA BOSE MEDICAL COLLEGE JABALPUR,MBBS,3630,20046,690,659,UR/X/OP,69,Y
138,GOVT,SHRIMANT RAJMATA VIJAYARAJE SCINDIA MEDICAL COLLEGE SHIVPURI,MBBS,40558,46898,635,628,EWS/X/OP,7,Y
138,GOVT,SHRIMANT RAJMATA VIJAYARAJE SCINDIA MEDICAL COLLEGE SHIVPURI,MBBS,144310,144310,545,545,OBC/GS/OP,1,Y
138,GOVT,SHRIMANT RAJMATA VIJAYARAJE SCINDIA MEDICAL COLLEGE SHIVPURI,MBBS,1253634,1253634,147,147,OBC/PH/OP,1,Y
138,GOVT,SHRIMANT RAJMATA VIJAYARAJE SCINDIA MEDICAL COLLEGE SHIVPURI,MBBS,40432,45534,635,630,OBC/X/OP,10,Y
138,GOVT,SHRIMANT RAJMATA VIJAYARAJE SCINDIA MEDICAL COLLEGE SHIVPURI,MBBS,478513,478513,352,352,SC/SN/OP,1,Y
138,GOVT,SHRIMANT RAJMATA VIJAYARAJE SCINDIA MEDICAL COLLEGE SHIVPURI,MBBS,127113,159005,558,533,SC/X/OP,12,Y
138,GOVT,SHRIMANT RAJMATA VIJAYARAJE SCINDIA MEDICAL COLLEGE SHIVPURI,MBBS,363432,363432,405,405,ST/GS/OP,1,Y
138,GOVT,SHRIMANT RAJMATA VIJAYARAJE SCINDIA MEDICAL COLLEGE SHIVPURI,MBBS,331367,359859,422,407,ST/X/OP,14,Y
138,GOVT,SHRIMANT RAJMATA VIJAYARAJE SCINDIA MEDICAL COLLEGE SHIVPURI,MBBS,86165,143792,592,545,UR/GS/OP,2,Y
138,GOVT,SHRIMANT RAJMATA VIJAYARAJE SCINDIA MEDICAL COLLEGE SHIVPURI,MBBS,879162,1053338,221,182,UR/PH/OP,2,Y
138,GOVT,SHRIMANT RAJMATA VIJAYARAJE SCINDIA MEDICAL COLLEGE SHIVPURI,MBBS,45918,45918,629,629,UR/SN/OP,1,Y
138,GOVT,SHRIMANT RAJMATA VIJAYARAJE SCINDIA MEDICAL COLLEGE SHIVPURI,MBBS,29023,40358,647,635,UR/X/OP,29,Y
105,GOVT,SHYAM SHAH MEDICAL COLLEGE REWA,MBBS,26790,30120,650,646,EWS/X/OP,10,Y
105,GOVT,SHYAM SHAH MEDICAL COLLEGE REWA,MBBS,91435,91435,588,588,OBC/GS/OP,1,Y
105,GOVT,SHYAM SHAH MEDICAL COLLEGE REWA,MBBS,955075,955075,203,203,OBC/PH/OP,1,Y
105,GOVT,SHYAM SHAH MEDICAL COLLEGE REWA,MBBS,27108,31167,650,645,OBC/X/OP,15,Y
105,GOVT,SHYAM SHAH MEDICAL COLLEGE REWA,MBBS,198656,198656,504,504,SC/GS/OP,1,Y
105,GOVT,SHYAM SHAH MEDICAL COLLEGE REWA,MBBS,1383471,1383471,128,128,SC/PH/OP,1,Y
105,GOVT,SHYAM SHAH MEDICAL COLLEGE REWA,MBBS,603871,603871,303,303,SC/SN/OP,1,Y
105,GOVT,SHYAM SHAH MEDICAL COLLEGE REWA,MBBS,102727,115812,578,567,SC/X/OP,16,Y
105,GOVT,SHYAM SHAH MEDICAL COLLEGE REWA,MBBS,335191,335191,420,420,ST/GS/OP,1,Y
105,GOVT,SHYAM SHAH MEDICAL COLLEGE REWA,MBBS,1312426,1312426,138,138,ST/SN/OP,1,Y
105,GOVT,SHYAM SHAH MEDICAL COLLEGE REWA,MBBS,306051,335008,436,420,ST/X/OP,21,Y
105,GOVT,SHYAM SHAH MEDICAL COLLEGE REWA,MBBS,862409,862409,225,225,UR/FF/OP,1,Y
105,GOVT,SHYAM SHAH MEDICAL COLLEGE REWA,MBBS,81720,88576,596,590,UR/GS/OP,3,Y
105,GOVT,SHYAM SHAH MEDICAL COLLEGE REWA,MBBS,617441,798679,298,242,UR/PH/OP,3,Y
105,GOVT,SHYAM SHAH MEDICAL COLLEGE REWA,MBBS,28926,29241,647,647,UR/SN/OP,2,Y
105,GOVT,SHYAM SHAH MEDICAL COLLEGE REWA,MBBS,14627,26562,666,650,UR/X/OP,42,Y
143,GOVT,SUNDERLAL PATWA GOVERNMENT MEDICAL COLLEGE MANDSAUR,MBBS,244475,244475,474,474,EWS/GS/OP,1,Y
143,GOVT,SUNDERLAL PATWA GOVERNMENT MEDICAL COLLEGE MANDSAUR,MBBS,51766,53299,623,622,EWS/X/OP,4,Y
143,GOVT,SUNDERLAL PATWA GOVERNMENT MEDICAL COLLEGE MANDSAUR,MBBS,60900,60900,615,615,OBC/SN/OP,1,Y
143,GOVT,SUNDERLAL PATWA GOVERNMENT MEDICAL COLLEGE MANDSAUR,MBBS,48149,49500,627,625,OBC/X/OP,5,Y
143,GOVT,SUNDERLAL PATWA GOVERNMENT MEDICAL COLLEGE MANDSAUR,MBBS,158560,170002,534,525,SC/X/OP,6,Y
143,GOVT,SUNDERLAL PATWA GOVERNMENT MEDICAL COLLEGE MANDSAUR,MBBS,342514,368054,416,403,ST/X/OP,7,Y
143,GOVT,SUNDERLAL PATWA GOVERNMENT MEDICAL COLLEGE MANDSAUR,MBBS,148916,148916,541,541,UR/GS/OP,1,Y
143,GOVT,SUNDERLAL PATWA GOVERNMENT MEDICAL COLLEGE MANDSAUR,MBBS,886313,886313,220,220,UR/PH/OP,1,Y
143,GOVT,SUNDERLAL PATWA GOVERNMENT MEDICAL COLLEGE MANDSAUR,MBBS,33766,47116,642,628,UR/X/OP,14,Y
145,GOVT,VIRENDRA KUMAR SAKHLECHA GOVERNMENT MEDICAL COLLEGE NEEMUCH,MBBS,53229,53946,622,621,EWS/X/OP,4,Y
145,GOVT,VIRENDRA KUMAR SAKHLECHA GOVERNMENT MEDICAL COLLEGE NEEMUCH,MBBS,151443,151443,539,539,OBC/GS/OP,1,Y
145,GOVT,VIRENDRA KUMAR SAKHLECHA GOVERNMENT MEDICAL COLLEGE NEEMUCH,MBBS,49593,50211,625,625,OBC/X/OP,5,Y
145,GOVT,VIRENDRA KUMAR SAKHLECHA GOVERNMENT MEDICAL COLLEGE NEEMUCH,MBBS,147515,170212,542,525,SC/X/OP,6,Y
145,GOVT,VIRENDRA KUMAR SAKHLECHA GOVERNMENT MEDICAL COLLEGE NEEMUCH,MBBS,357100,377564,409,398,ST/X/OP,7,Y
145,GOVT,VIRENDRA KUMAR SAKHLECHA GOVERNMENT MEDICAL COLLEGE NEEMUCH,MBBS,150492,150492,540,540,UR/GS/OP,1,Y
145,GOVT,VIRENDRA KUMAR SAKHLECHA GOVERNMENT MEDICAL COLLEGE NEEMUCH,MBBS,969028,969028,200,200,UR/PH/OP,1,Y
145,GOVT,VIRENDRA KUMAR SAKHLECHA GOVERNMENT MEDICAL COLLEGE NEEMUCH,MBBS,52951,52951,622,622,UR/SN/OP,1,Y
145,GOVT,VIRENDRA KUMAR SAKHLECHA GOVERNMENT MEDICAL COLLEGE NEEMUCH,MBBS,39085,49302,636,625,UR/X/OP,15,Y
107,GOVT,GOVERNMENT AUTONOMOUS COLLEGE OF DENTISTRY INDORE,BDS,74517,91667,602,587,EWS/X/OP,4,Y
107,GOVT,GOVERNMENT AUTONOMOUS COLLEGE OF DENTISTRY INDORE,BDS,211758,211758,495,495,OBC/GS/OP,1,Y
107,GOVT,GOVERNMENT AUTONOMOUS COLLEGE OF DENTISTRY INDORE,BDS,70214,91409,606,588,OBC/X/OP,6,Y
107,GOVT,GOVERNMENT AUTONOMOUS COLLEGE OF DENTISTRY INDORE,BDS,260064,260064,464,464,SC/GS/OP,1,Y
107,GOVT,GOVERNMENT AUTONOMOUS COLLEGE OF DENTISTRY INDORE,BDS,171550,206440,524,499,SC/X/OP,7,Y
107,GOVT,GOVERNMENT AUTONOMOUS COLLEGE OF DENTISTRY INDORE,BDS,382198,421563,396,377,ST/X/OP,9,Y
107,GOVT,GOVERNMENT AUTONOMOUS COLLEGE OF DENTISTRY INDORE,BDS,197071,197071,505,505,UR/GS/OP,1,Y
107,GOVT,GOVERNMENT AUTONOMOUS COLLEGE OF DENTISTRY INDORE,BDS,77465,77465,600,600,UR/SN/OP,1,Y
107,GOVT,GOVERNMENT AUTONOMOUS COLLEGE OF DENTISTRY INDORE,BDS,51118,66591,624,610,UR/X/OP,18,Y
INST_CODE,INST_TYPE,INST_NAME,COURSE,OPENING AI RANK,CLOSING AI RANK,OPENING NEET AI SCORE,CLOSING NEET AI SCORE,ALLOTTED CATEGORY/CLASS,TOTAL ALLOTTED,MP DOMICILE STATUS
114,Private,AMALTAS INSTITUTE OF MEDICAL SCIENCES DEWAS,MBBS,284449,1155482,449,163,NRI,37,Y
114,Private,AMALTAS INSTITUTE OF MEDICAL SCIENCES DEWAS,MBBS,280544,280544,451,451,OBC/GS/OP,1,Y
114,Private,AMALTAS INSTITUTE OF MEDICAL SCIENCES DEWAS,MBBS,118538,122233,565,562,OBC/X/OP,27,Y
114,Private,AMALTAS INSTITUTE OF MEDICAL SCIENCES DEWAS,MBBS,316987,336047,430,420,SC/GS/OP,2,Y
114,Private,AMALTAS INSTITUTE OF MEDICAL SCIENCES DEWAS,MBBS,203188,315802,501,431,SC/X/OP,31,Y
114,Private,AMALTAS INSTITUTE OF MEDICAL SCIENCES DEWAS,MBBS,592050,608881,307,301,ST/GS/OP,3,Y
114,Private,AMALTAS INSTITUTE OF MEDICAL SCIENCES DEWAS,MBBS,477416,591743,352,307,ST/X/OP,38,Y
114,Private,AMALTAS INSTITUTE OF MEDICAL SCIENCES DEWAS,MBBS,236680,274977,479,455,UR/GS/OP,5,Y
114,Private,AMALTAS INSTITUTE OF MEDICAL SCIENCES DEWAS,MBBS,76884,118474,600,565,UR/X/OP,95,Y
116,Private,CHIRAYU MEDICAL COLLEGE AND HOSPITAL BHOPAL,MBBS,227134,752723,485,255,NRI,38,Y
116,Private,CHIRAYU MEDICAL COLLEGE AND HOSPITAL BHOPAL,MBBS,209033,209033,497,497,OBC/GS/OP,1,Y
116,Private,CHIRAYU MEDICAL COLLEGE AND HOSPITAL BHOPAL,MBBS,1289772,1289772,141,141,OBC/PH/OP,1,Y
116,Private,CHIRAYU MEDICAL COLLEGE AND HOSPITAL BHOPAL,MBBS,75368,79479,602,598,OBC/X/OP,28,Y
116,Private,CHIRAYU MEDICAL COLLEGE AND HOSPITAL BHOPAL,MBBS,272948,283130,456,450,SC/GS/OP,2,Y
116,Private,CHIRAYU MEDICAL COLLEGE AND HOSPITAL BHOPAL,MBBS,180188,242128,518,475,SC/X/OP,31,Y
116,Private,CHIRAYU MEDICAL COLLEGE AND HOSPITAL BHOPAL,MBBS,481614,481884,350,350,ST/GS/OP,2,Y
116,Private,CHIRAYU MEDICAL COLLEGE AND HOSPITAL BHOPAL,MBBS,401679,477132,386,352,ST/X/OP,38,Y
116,Private,CHIRAYU MEDICAL COLLEGE AND HOSPITAL BHOPAL,MBBS,183055,202974,515,501,UR/GS/OP,6,Y
116,Private,CHIRAYU MEDICAL COLLEGE AND HOSPITAL BHOPAL,MBBS,47778,75355,627,602,UR/X/OP,94,Y
111,Private,INDEX MEDICAL COLLEGE HOSPITAL AND RESEARCH CENTER INDORE,MBBS,316465,1164064,430,162,NRI,38,Y
111,Private,INDEX MEDICAL COLLEGE HOSPITAL AND RESEARCH CENTER INDORE,MBBS,241883,248537,476,471,OBC/GS/OP,2,Y
111,Private,INDEX MEDICAL COLLEGE HOSPITAL AND RESEARCH CENTER INDORE,MBBS,107860,113081,574,570,OBC/X/OP,26,Y
111,Private,INDEX MEDICAL COLLEGE HOSPITAL AND RESEARCH CENTER INDORE,MBBS,306150,306150,436,436,SC/GS/OP,1,Y
111,Private,INDEX MEDICAL COLLEGE HOSPITAL AND RESEARCH CENTER INDORE,MBBS,203107,293904,501,443,SC/X/OP,30,Y
111,Private,INDEX MEDICAL COLLEGE HOSPITAL AND RESEARCH CENTER INDORE,MBBS,572879,591772,314,307,ST/GS/OP,3,Y
111,Private,INDEX MEDICAL COLLEGE HOSPITAL AND RESEARCH CENTER INDORE,MBBS,381494,553969,396,321,ST/X/OP,38,Y
111,Private,INDEX MEDICAL COLLEGE HOSPITAL AND RESEARCH CENTER INDORE,MBBS,184740,235616,514,480,UR/GS/OP,5,Y
111,Private,INDEX MEDICAL COLLEGE HOSPITAL AND RESEARCH CENTER INDORE,MBBS,692604,692604,274,274,UR/PH/OP,1,Y
111,Private,INDEX MEDICAL COLLEGE HOSPITAL AND RESEARCH CENTER INDORE,MBBS,64477,107552,611,574,UR/X/OP,95,Y
112,Private,LN MEDICAL COLLEGE BHOPAL,MBBS,123567,1090848,561,175,NRI,35,Y
112,Private,LN MEDICAL COLLEGE BHOPAL,MBBS,232677,232677,481,481,OBC/GS/OP,1,Y
112,Private,LN MEDICAL COLLEGE BHOPAL,MBBS,97259,101980,583,579,OBC/X/OP,27,Y
112,Private,LN MEDICAL COLLEGE BHOPAL,MBBS,299073,300780,440,439,SC/GS/OP,2,Y
112,Private,LN MEDICAL COLLEGE BHOPAL,MBBS,230037,278587,483,452,SC/X/OP,30,Y
112,Private,LN MEDICAL COLLEGE BHOPAL,MBBS,564804,569874,317,315,ST/GS/OP,2,Y
112,Private,LN MEDICAL COLLEGE BHOPAL,MBBS,466041,543550,357,325,ST/X/OP,38,Y
112,Private,LN MEDICAL COLLEGE BHOPAL,MBBS,201604,228290,502,484,UR/GS/OP,5,Y
112,Private,LN MEDICAL COLLEGE BHOPAL,MBBS,69858,97009,606,583,UR/X/OP,96,Y
140,Private,LNCT MEDICAL COLLEGE AND SEWAKUNJ HOSPITAL INDORE,MBBS,239300,1048732,477,183,NRI,15,Y
140,Private,LNCT MEDICAL COLLEGE AND SEWAKUNJ HOSPITAL INDORE,MBBS,260621,260621,464,464,OBC/GS/OP,1,Y
140,Private,LNCT MEDICAL COLLEGE AND SEWAKUNJ HOSPITAL INDORE,MBBS,111983,115791,570,567,OBC/X/OP,16,Y
140,Private,LNCT MEDICAL COLLEGE AND SEWAKUNJ HOSPITAL INDORE,MBBS,300981,300981,439,439,SC/GS/OP,1,Y
140,Private,LNCT MEDICAL COLLEGE AND SEWAKUNJ HOSPITAL INDORE,MBBS,236668,300641,479,439,SC/X/OP,18,Y
140,Private,LNCT MEDICAL COLLEGE AND SEWAKUNJ HOSPITAL INDORE,MBBS,575553,590337,313,308,ST/GS/OP,2,Y
140,Private,LNCT MEDICAL COLLEGE AND SEWAKUNJ HOSPITAL INDORE,MBBS,447597,565518,365,317,ST/X/OP,23,Y
140,Private,LNCT MEDICAL COLLEGE AND SEWAKUNJ HOSPITAL INDORE,MBBS,225370,252165,486,469,UR/GS/OP,3,Y
140,Private,LNCT MEDICAL COLLEGE AND SEWAKUNJ HOSPITAL INDORE,MBBS,68991,111775,607,570,UR/X/OP,57,Y
139,Private,MAHAVEER INSTITUTE OF MEDICAL SCIENCES AND RESEARCH BHOPAL,MBBS,322802,1137817,427,166,NRI,21,Y
139,Private,MAHAVEER INSTITUTE OF MEDICAL SCIENCES AND RESEARCH BHOPAL,MBBS,275719,275719,454,454,OBC/GS/OP,1,Y
139,Private,MAHAVEER INSTITUTE OF MEDICAL SCIENCES AND RESEARCH BHOPAL,MBBS,115993,124401,567,560,OBC/X/OP,16,Y
139,Private,MAHAVEER INSTITUTE OF MEDICAL SCIENCES AND RESEARCH BHOPAL,MBBS,337065,337065,419,419,SC/GS/OP,1,Y
139,Private,MAHAVEER INSTITUTE OF MEDICAL SCIENCES AND RESEARCH BHOPAL,MBBS,227299,314680,485,431,SC/X/OP,18,Y
139,Private,MAHAVEER INSTITUTE OF MEDICAL SCIENCES AND RESEARCH BHOPAL,MBBS,595210,595210,306,306,ST/GS/OP,1,Y
139,Private,MAHAVEER INSTITUTE OF MEDICAL SCIENCES AND RESEARCH BHOPAL,MBBS,499371,584105,343,310,ST/X/OP,23,Y
139,Private,MAHAVEER INSTITUTE OF MEDICAL SCIENCES AND RESEARCH BHOPAL,MBBS,256172,275085,466,455,UR/GS/OP,3,Y
139,Private,MAHAVEER INSTITUTE OF MEDICAL SCIENCES AND RESEARCH BHOPAL,MBBS,65601,115898,610,567,UR/X/OP,57,Y
108,Private,PEOPLES COLLEGE OF MEDICAL SCIENCE BHOPAL,MBBS,240077,967685,477,200,NRI,38,Y
108,Private,PEOPLES COLLEGE OF MEDICAL SCIENCE BHOPAL,MBBS,213738,215482,494,493,OBC/GS/OP,2,Y
108,Private,PEOPLES COLLEGE OF MEDICAL SCIENCE BHOPAL,MBBS,86612,90083,592,589,OBC/X/OP,27,Y
108,Private,PEOPLES COLLEGE OF MEDICAL SCIENCE BHOPAL,MBBS,290197,298800,445,440,SC/GS/OP,2,Y
108,Private,PEOPLES COLLEGE OF MEDICAL SCIENCE BHOPAL,MBBS,198545,262440,504,462,SC/X/OP,30,Y
108,Private,PEOPLES COLLEGE OF MEDICAL SCIENCE BHOPAL,MBBS,508512,508949,339,339,ST/GS/OP,2,Y
108,Private,PEOPLES COLLEGE OF MEDICAL SCIENCE BHOPAL,MBBS,442734,505766,367,340,ST/X/OP,38,Y
108,Private,PEOPLES COLLEGE OF MEDICAL SCIENCE BHOPAL,MBBS,167887,213571,527,494,UR/GS/OP,5,Y
108,Private,PEOPLES COLLEGE OF MEDICAL SCIENCE BHOPAL,MBBS,46426,86600,628,592,UR/X/OP,96,Y
INST_CODE,INST_TYPE,INST_NAME,COURSE,OPENING AI RANK,CLOSING AI RANK,OPENING NEET AI SCORE,CLOSING NEET AI SCORE,ALLOTTED CATEGORY/CLASS,TOTAL ALLOTTED,MP DOMICILE STATUS
142,Private,RAM KRISHNA MEDICAL COLLEGE HOSPITAL AND RESEARCH CENTRE BHOPAL,MBBS,248722,981227,471,197,NRI,3,Y
142,Private,RAM KRISHNA MEDICAL COLLEGE HOSPITAL AND RESEARCH CENTRE BHOPAL,MBBS,292084,292084,444,444,OBC/GS/OP,1,Y
142,Private,RAM KRISHNA MEDICAL COLLEGE HOSPITAL AND RESEARCH CENTRE BHOPAL,MBBS,128133,130688,557,555,OBC/X/OP,16,Y
142,Private,RAM KRISHNA MEDICAL COLLEGE HOSPITAL AND RESEARCH CENTRE BHOPAL,MBBS,343528,343528,416,416,SC/GS/OP,1,Y
142,Private,RAM KRISHNA MEDICAL COLLEGE HOSPITAL AND RESEARCH CENTRE BHOPAL,MBBS,245184,328448,473,424,SC/X/OP,18,Y
142,Private,RAM KRISHNA MEDICAL COLLEGE HOSPITAL AND RESEARCH CENTRE BHOPAL,MBBS,615012,615012,299,299,ST/GS/OP,1,Y
142,Private,RAM KRISHNA MEDICAL COLLEGE HOSPITAL AND RESEARCH CENTRE BHOPAL,MBBS,459109,613246,360,300,ST/X/OP,23,Y
142,Private,RAM KRISHNA MEDICAL COLLEGE HOSPITAL AND RESEARCH CENTRE BHOPAL,MBBS,246471,282145,473,450,UR/GS/OP,3,Y
142,Private,RAM KRISHNA MEDICAL COLLEGE HOSPITAL AND RESEARCH CENTRE BHOPAL,MBBS,70612,127537,606,558,UR/X/OP,58,Y
110,Private,RD GARDI MEDICAL COLLEGE UJJAIN,MBBS,120548,696786,563,272,NRI,23,Y
110,Private,RD GARDI MEDICAL COLLEGE UJJAIN,MBBS,184140,184140,515,515,OBC/GS/OP,1,Y
110,Private,RD GARDI MEDICAL COLLEGE UJJAIN,MBBS,64856,71604,611,605,OBC/X/OP,15,Y
110,Private,RD GARDI MEDICAL COLLEGE UJJAIN,MBBS,292405,292405,444,444,SC/GS/OP,1,Y
110,Private,RD GARDI MEDICAL COLLEGE UJJAIN,MBBS,187161,218031,512,491,SC/X/OP,18,Y
110,Private,RD GARDI MEDICAL COLLEGE UJJAIN,MBBS,436262,436262,370,370,ST/GS/OP,1,Y
110,Private,RD GARDI MEDICAL COLLEGE UJJAIN,MBBS,385790,436126,394,370,ST/X/OP,23,Y
110,Private,RD GARDI MEDICAL COLLEGE UJJAIN,MBBS,158766,181261,534,517,UR/GS/OP,3,Y
110,Private,RD GARDI MEDICAL COLLEGE UJJAIN,MBBS,50825,64372,624,611,UR/X/OP,58,Y
131,Private,RKDF MEDICAL COLLEGE HOSPITAL AND RESEARCH CENTRE BHOPAL,MBBS,514840,514840,337,337,NRI,1,Y
131,Private,RKDF MEDICAL COLLEGE HOSPITAL AND RESEARCH CENTRE BHOPAL,MBBS,281392,281392,451,451,OBC/GS/OP,1,Y
131,Private,RKDF MEDICAL COLLEGE HOSPITAL AND RESEARCH CENTRE BHOPAL,MBBS,125677,128847,559,557,OBC/X/OP,15,Y
131,Private,RKDF MEDICAL COLLEGE HOSPITAL AND RESEARCH CENTRE BHOPAL,MBBS,322168,322168,427,427,SC/GS/OP,1,Y
131,Private,RKDF MEDICAL COLLEGE HOSPITAL AND RESEARCH CENTRE BHOPAL,MBBS,266457,318451,460,429,SC/X/OP,19,Y
131,Private,RKDF MEDICAL COLLEGE HOSPITAL AND RESEARCH CENTRE BHOPAL,MBBS,611753,611753,300,300,ST/GS/OP,1,Y
131,Private,RKDF MEDICAL COLLEGE HOSPITAL AND RESEARCH CENTRE BHOPAL,MBBS,503486,600757,341,304,ST/X/OP,23,Y
131,Private,RKDF MEDICAL COLLEGE HOSPITAL AND RESEARCH CENTRE BHOPAL,MBBS,260201,269906,464,458,UR/GS/OP,3,Y
131,Private,RKDF MEDICAL COLLEGE HOSPITAL AND RESEARCH CENTRE BHOPAL,MBBS,61404,125159,614,560,UR/X/OP,58,Y
109,Private,SRI AUROBINDO INSTITUTE OF MEDICAL SCIENCE INDORE,MBBS,147128,1064039,543,180,NRI,38,Y
109,Private,SRI AUROBINDO INSTITUTE OF MEDICAL SCIENCE INDORE,MBBS,177901,177901,519,519,OBC/GS/OP,1,Y
109,Private,SRI AUROBINDO INSTITUTE OF MEDICAL SCIENCE INDORE,MBBS,63837,70801,612,606,OBC/X/OP,28,Y
109,Private,SRI AUROBINDO INSTITUTE OF MEDICAL SCIENCE INDORE,MBBS,256576,256576,466,466,SC/GS/OP,1,Y
109,Private,SRI AUROBINDO INSTITUTE OF MEDICAL SCIENCE INDORE,MBBS,174931,218155,521,491,SC/X/OP,31,Y
109,Private,SRI AUROBINDO INSTITUTE OF MEDICAL SCIENCE INDORE,MBBS,449583,449876,364,364,ST/GS/OP,2,Y
109,Private,SRI AUROBINDO INSTITUTE OF MEDICAL SCIENCE INDORE,MBBS,380047,447488,397,365,ST/X/OP,38,Y
109,Private,SRI AUROBINDO INSTITUTE OF MEDICAL SCIENCE INDORE,MBBS,151536,176400,539,520,UR/GS/OP,6,Y
109,Private,SRI AUROBINDO INSTITUTE OF MEDICAL SCIENCE INDORE,MBBS,562830,562830,318,318,UR/PH/OP,1,Y
109,Private,SRI AUROBINDO INSTITUTE OF MEDICAL SCIENCE INDORE,MBBS,25917,63799,651,612,UR/X/OP,94,Y
115,Private,SUKH SAGAR MEDICAL COLLEGE AND HOSPITAL JABALPUR,MBBS,229112,1118124,484,170,NRI,22,Y
115,Private,SUKH SAGAR MEDICAL COLLEGE AND HOSPITAL JABALPUR,MBBS,223880,223880,487,487,OBC/GS/OP,1,Y
115,Private,SUKH SAGAR MEDICAL COLLEGE AND HOSPITAL JABALPUR,MBBS,128202,131187,557,555,OBC/X/OP,15,Y
115,Private,SUKH SAGAR MEDICAL COLLEGE AND HOSPITAL JABALPUR,MBBS,342952,342952,416,416,SC/GS/OP,1,Y
115,Private,SUKH SAGAR MEDICAL COLLEGE AND HOSPITAL JABALPUR,MBBS,184172,326046,515,425,SC/X/OP,19,Y
115,Private,SUKH SAGAR MEDICAL COLLEGE AND HOSPITAL JABALPUR,MBBS,620217,620217,297,297,ST/GS/OP,1,Y
115,Private,SUKH SAGAR MEDICAL COLLEGE AND HOSPITAL JABALPUR,MBBS,496639,618345,344,298,ST/X/OP,23,Y
115,Private,SUKH SAGAR MEDICAL COLLEGE AND HOSPITAL JABALPUR,MBBS,173011,221816,523,489,UR/GS/OP,4,Y
115,Private,SUKH SAGAR MEDICAL COLLEGE AND HOSPITAL JABALPUR,MBBS,64844,127799,611,558,UR/X/OP,57,Y
124,Private,BHABHA COLLEGE OF DENTAL SCIENCES BHOPAL,BDS,559745,629266,319,294,OBC/X/OP,12,Y
124,Private,BHABHA COLLEGE OF DENTAL SCIENCES BHOPAL,BDS,964051,964051,201,201,SC/GS/OP,1,Y
124,Private,BHABHA COLLEGE OF DENTAL SCIENCES BHOPAL,BDS,570113,800310,315,242,SC/X/OP,12,Y
124,Private,BHABHA COLLEGE OF DENTAL SCIENCES BHOPAL,BDS,751460,960558,256,202,UR/GS/OP,2,Y
124,Private,BHABHA COLLEGE OF DENTAL SCIENCES BHOPAL,BDS,242096,528501,475,331,UR/X/OP,38,Y
122,Private,COLLEGE OF DENTAL SCIENCES AND HOSPITAL RAU INDORE,BDS,326893,360024,425,407,OBC/X/OP,7,Y
122,Private,COLLEGE OF DENTAL SCIENCES AND HOSPITAL RAU INDORE,BDS,650708,650708,287,287,SC/GS/OP,1,Y
122,Private,COLLEGE OF DENTAL SCIENCES AND HOSPITAL RAU INDORE,BDS,391469,487154,391,348,SC/X/OP,7,Y
122,Private,COLLEGE OF DENTAL SCIENCES AND HOSPITAL RAU INDORE,BDS,795417,1071406,243,179,ST/X/OP,8,Y
122,Private,COLLEGE OF DENTAL SCIENCES AND HOSPITAL RAU INDORE,BDS,358281,358281,408,408,UR/GS/OP,1,Y
122,Private,COLLEGE OF DENTAL SCIENCES AND HOSPITAL RAU INDORE,BDS,184770,326089,514,425,UR/X/OP,23,Y
129,Private,GURU GOVIND SINGH COLLEGE OF DENTAL SCIENCE AND RESEARCH CENTRE BURHANPUR,BDS,700129,814219,271,238,OBC/X/OP,11,Y
129,Private,GURU GOVIND SINGH COLLEGE OF DENTAL SCIENCE AND RESEARCH CENTRE BURHANPUR,BDS,814750,1079693,238,177,SC/X/OP,12,Y
129,Private,GURU GOVIND SINGH COLLEGE OF DENTAL SCIENCE AND RESEARCH CENTRE BURHANPUR,BDS,707720,1347163,269,133,ST/X/OP,4,Y
129,Private,GURU GOVIND SINGH COLLEGE OF DENTAL SCIENCE AND RESEARCH CENTRE BURHANPUR,BDS,1247230,1247230,148,148,UR/GS/OP,1,Y
129,Private,GURU GOVIND SINGH COLLEGE OF DENTAL SCIENCE AND RESEARCH CENTRE BURHANPUR,BDS,142993,693654,546,273,UR/X/OP,38,Y
127,Private,HITKARINI DENTAL COLLEGE AND HOSPITAL JABALPUR,BDS,421615,468945,377,356,OBC/X/OP,5,Y
127,Private,HITKARINI DENTAL COLLEGE AND HOSPITAL JABALPUR,BDS,438168,614984,369,299,SC/X/OP,7,Y
127,Private,HITKARINI DENTAL COLLEGE AND HOSPITAL JABALPUR,BDS,766569,1226140,251,151,ST/X/OP,4,Y
INST_CODE,INST_TYPE,INST_NAME,COURSE,OPENING AI RANK,CLOSING AI RANK,OPENING NEET AI SCORE,CLOSING NEET AI SCORE,ALLOTTED CATEGORY/CLASS,TOTAL ALLOTTED,MP DOMICILE STATUS
127,Private,HITKARINI DENTAL COLLEGE AND HOSPITAL JABALPUR,BDS,960230,1236817,202,150,UR/GS/OP,2,Y
127,Private,HITKARINI DENTAL COLLEGE AND HOSPITAL JABALPUR,BDS,146818,408450,543,383,UR/X/OP,23,Y
117,Private,INDEX INSTITUTE OF DENTAL SCIENCES INDORE,BDS,447921,447921,365,365,OBC/GS/OP,1,Y
117,Private,INDEX INSTITUTE OF DENTAL SCIENCES INDORE,BDS,297364,364037,441,405,OBC/X/OP,11,Y
117,Private,INDEX INSTITUTE OF DENTAL SCIENCES INDORE,BDS,570379,570379,315,315,SC/GS/OP,1,Y
117,Private,INDEX INSTITUTE OF DENTAL SCIENCES INDORE,BDS,461242,536666,359,328,SC/X/OP,11,Y
117,Private,INDEX INSTITUTE OF DENTAL SCIENCES INDORE,BDS,637881,1191518,291,157,ST/X/OP,16,Y
117,Private,INDEX INSTITUTE OF DENTAL SCIENCES INDORE,BDS,352293,381894,411,396,UR/GS/OP,2,Y
117,Private,INDEX INSTITUTE OF DENTAL SCIENCES INDORE,BDS,135984,290377,551,445,UR/X/OP,39,Y
126,Private,MAHARANA PRATAP COLLEGE OF DENTISTRY AND RESEARCH CENTER GWALIOR,BDS,1279896,1279896,143,143,OBC/GS/OP,1,Y
126,Private,MAHARANA PRATAP COLLEGE OF DENTISTRY AND RESEARCH CENTER GWALIOR,BDS,660680,730833,284,262,OBC/X/OP,12,Y
126,Private,MAHARANA PRATAP COLLEGE OF DENTISTRY AND RESEARCH CENTER GWALIOR,BDS,785190,1037797,246,185,SC/X/OP,15,Y
126,Private,MAHARANA PRATAP COLLEGE OF DENTISTRY AND RESEARCH CENTER GWALIOR,BDS,1306126,1306126,139,139,ST/X/OP,1,Y
126,Private,MAHARANA PRATAP COLLEGE OF DENTISTRY AND RESEARCH CENTER GWALIOR,BDS,991022,1104040,195,173,UR/GS/OP,2,Y
126,Private,MAHARANA PRATAP COLLEGE OF DENTISTRY AND RESEARCH CENTER GWALIOR,BDS,133648,633337,553,293,UR/X/OP,45,Y
125,Private,MANSAROVAR DENTAL COLLEGE BHOPAL,BDS,1128438,1128438,168,168,OBC/GS/OP,1,Y
125,Private,MANSAROVAR DENTAL COLLEGE BHOPAL,BDS,487200,562058,348,318,OBC/X/OP,12,Y
125,Private,MANSAROVAR DENTAL COLLEGE BHOPAL,BDS,536334,802145,328,241,SC/X/OP,15,Y
125,Private,MANSAROVAR DENTAL COLLEGE BHOPAL,BDS,1048786,1048786,183,183,ST/X/OP,1,Y
125,Private,MANSAROVAR DENTAL COLLEGE BHOPAL,BDS,597583,986205,305,196,UR/GS/OP,3,Y
125,Private,MANSAROVAR DENTAL COLLEGE BHOPAL,BDS,190374,486695,510,348,UR/X/OP,45,Y
118,Private,MODERN DENTAL COLLEGE AND RESEARCH CENTRE INDORE,BDS,400512,479520,387,351,OBC/X/OP,12,Y
118,Private,MODERN DENTAL COLLEGE AND RESEARCH CENTRE INDORE,BDS,429677,670713,373,280,SC/X/OP,13,Y
118,Private,MODERN DENTAL COLLEGE AND RESEARCH CENTRE INDORE,BDS,1239529,1239529,149,149,ST/GS/OP,1,Y
118,Private,MODERN DENTAL COLLEGE AND RESEARCH CENTRE INDORE,BDS,735652,1154935,260,163,ST/X/OP,16,Y
118,Private,MODERN DENTAL COLLEGE AND RESEARCH CENTRE INDORE,BDS,441923,725774,368,263,UR/GS/OP,3,Y
118,Private,MODERN DENTAL COLLEGE AND RESEARCH CENTRE INDORE,BDS,206366,388386,499,393,UR/X/OP,37,Y
120,Private,PEOPLES COLLEGE OF DENTAL SCIENCES AND RESEARCH CENTRE BHOPAL,BDS,926188,1137583,210,166,NRI,4,Y
120,Private,PEOPLES COLLEGE OF DENTAL SCIENCES AND RESEARCH CENTRE BHOPAL,BDS,727519,727519,263,263,OBC/GS/OP,1,Y
120,Private,PEOPLES COLLEGE OF DENTAL SCIENCES AND RESEARCH CENTRE BHOPAL,BDS,309896,356703,434,409,OBC/X/OP,10,Y
120,Private,PEOPLES COLLEGE OF DENTAL SCIENCES AND RESEARCH CENTRE BHOPAL,BDS,420937,548249,377,324,SC/X/OP,12,Y
120,Private,PEOPLES COLLEGE OF DENTAL SCIENCES AND RESEARCH CENTRE BHOPAL,BDS,735550,1360235,260,131,ST/X/OP,12,Y
120,Private,PEOPLES COLLEGE OF DENTAL SCIENCES AND RESEARCH CENTRE BHOPAL,BDS,407708,445859,384,366,UR/GS/OP,2,Y
120,Private,PEOPLES COLLEGE OF DENTAL SCIENCES AND RESEARCH CENTRE BHOPAL,BDS,139616,302846,548,438,UR/X/OP,39,Y
130,Private,PEOPLES DENTAL ACADAMY BHOPAL,BDS,287256,358089,447,408,OBC/X/OP,11,Y
130,Private,PEOPLES DENTAL ACADAMY BHOPAL,BDS,565851,565851,317,317,SC/GS/OP,1,Y
130,Private,PEOPLES DENTAL ACADAMY BHOPAL,BDS,399991,530921,387,330,SC/X/OP,13,Y
130,Private,PEOPLES DENTAL ACADAMY BHOPAL,BDS,617293,982087,298,197,ST/X/OP,15,Y
130,Private,PEOPLES DENTAL ACADAMY BHOPAL,BDS,303652,372696,438,401,UR/GS/OP,2,Y
130,Private,PEOPLES DENTAL ACADAMY BHOPAL,BDS,136835,278138,550,453,UR/X/OP,38,Y
123,Private,RISHIRAJ COLLEGE OF DENTAL SCIENCES AND RESEARCH CENTRE BHOPAL,BDS,726484,726484,263,263,OBC/GS/OP,1,Y
123,Private,RISHIRAJ COLLEGE OF DENTAL SCIENCES AND RESEARCH CENTRE BHOPAL,BDS,445360,534573,366,329,OBC/X/OP,12,Y
123,Private,RISHIRAJ COLLEGE OF DENTAL SCIENCES AND RESEARCH CENTRE BHOPAL,BDS,929050,929050,209,209,SC/GS/OP,1,Y
123,Private,RISHIRAJ COLLEGE OF DENTAL SCIENCES AND RESEARCH CENTRE BHOPAL,BDS,454171,755027,362,255,SC/X/OP,15,Y
123,Private,RISHIRAJ COLLEGE OF DENTAL SCIENCES AND RESEARCH CENTRE BHOPAL,BDS,839310,1367272,231,130,ST/X/OP,15,Y
123,Private,RISHIRAJ COLLEGE OF DENTAL SCIENCES AND RESEARCH CENTRE BHOPAL,BDS,480071,674441,351,279,UR/GS/OP,3,Y
123,Private,RISHIRAJ COLLEGE OF DENTAL SCIENCES AND RESEARCH CENTRE BHOPAL,BDS,113149,441942,569,368,UR/X/OP,44,Y
119,Private,RKDF DENTAL COLLEGE AND RESEARCH CENTRE BHOPAL,BDS,533451,573231,329,314,OBC/X/OP,11,Y
119,Private,RKDF DENTAL COLLEGE AND RESEARCH CENTRE BHOPAL,BDS,1200106,1200106,156,156,SC/GS/OP,1,Y
119,Private,RKDF DENTAL COLLEGE AND RESEARCH CENTRE BHOPAL,BDS,604677,789986,303,245,SC/X/OP,12,Y
119,Private,RKDF DENTAL COLLEGE AND RESEARCH CENTRE BHOPAL,BDS,1110325,1347062,171,133,ST/X/OP,4,Y
119,Private,RKDF DENTAL COLLEGE AND RESEARCH CENTRE BHOPAL,BDS,825675,860887,235,226,UR/GS/OP,2,Y
119,Private,RKDF DENTAL COLLEGE AND RESEARCH CENTRE BHOPAL,BDS,252394,518207,469,335,UR/X/OP,39,Y
121,Private,SRI AUROBINDO COLLEGE OF DENTISTRY INDORE,BDS,527519,1043670,332,184,NRI,10,Y
121,Private,SRI AUROBINDO COLLEGE OF DENTISTRY INDORE,BDS,187546,207688,512,498,OBC/X/OP,11,Y
121,Private,SRI AUROBINDO COLLEGE OF DENTISTRY INDORE,BDS,429278,429278,373,373,SC/GS/OP,1,Y
121,Private,SRI AUROBINDO COLLEGE OF DENTISTRY INDORE,BDS,328207,427505,424,374,SC/X/OP,13,Y
121,Private,SRI AUROBINDO COLLEGE OF DENTISTRY INDORE,BDS,839470,839470,231,231,ST/GS/OP,1,Y
121,Private,SRI AUROBINDO COLLEGE OF DENTISTRY INDORE,BDS,586825,787537,309,245,ST/X/OP,15,Y
121,Private,SRI AUROBINDO COLLEGE OF DENTISTRY INDORE,BDS,363697,384161,405,395,UR/GS/OP,2,Y
121,Private,SRI AUROBINDO COLLEGE OF DENTISTRY INDORE,BDS,115779,186696,567,513,UR/X/OP,38,Y
